model,accuracy,cv_mean,cv_std
Random Forest,0.9982142857142857,0.9907142857142857,0.003642156795423405
